id|code|name|created_at|updated_at
1|AF|Afghanistan|2020-6-17 16:58:30|2020-6-17 16:58:30
2|AX|Åland Islands|2020-6-17 16:58:30|2020-6-17 16:58:30
3|AL|Albania|2020-6-17 16:58:30|2020-6-17 16:58:30
4|DZ|Algeria|2020-6-17 16:58:30|2020-6-17 16:58:30
5|AS|American Samoa|2020-6-17 16:58:30|2020-6-17 16:58:30
6|AD|Andorra|2020-6-17 16:58:30|2020-6-17 16:58:30
7|AO|Angola|2020-6-17 16:58:30|2020-6-17 16:58:30
8|AI|Anguilla|2020-6-17 16:58:30|2020-6-17 16:58:30
9|AQ|Antarctica|2020-6-17 16:58:30|2020-6-17 16:58:30
10|AG|Antigua and Barbuda|2020-6-17 16:58:30|2020-6-17 16:58:30
11|AR|Argentina|2020-6-17 16:58:30|2020-6-17 16:58:30
12|AM|Armenia|2020-6-17 16:58:30|2020-6-17 16:58:30
13|AW|Aruba|2020-6-17 16:58:30|2020-6-17 16:58:30
14|AU|Australia|2020-6-17 16:58:30|2020-6-17 16:58:30
15|AT|Austria|2020-6-17 16:58:30|2020-6-17 16:58:30
16|AZ|Azerbaijan|2020-6-17 16:58:30|2020-6-17 16:58:30
17|BS|Bahamas|2020-6-17 16:58:30|2020-6-17 16:58:30
18|BH|Bahrain|2020-6-17 16:58:30|2020-6-17 16:58:30
19|BD|Bangladesh|2020-6-17 16:58:30|2020-6-17 16:58:30
20|BB|Barbados|2020-6-17 16:58:30|2020-6-17 16:58:30
21|BY|Belarus|2020-6-17 16:58:30|2020-6-17 16:58:30
22|BE|Belgium|2020-6-17 16:58:30|2020-6-17 16:58:30
23|BZ|Belize|2020-6-17 16:58:30|2020-6-17 16:58:30
24|BJ|Benin|2020-6-17 16:58:30|2020-6-17 16:58:30
25|BM|Bermuda|2020-6-17 16:58:30|2020-6-17 16:58:30
26|BT|Bhutan|2020-6-17 16:58:30|2020-6-17 16:58:30
27|BO|Bolivia, Plurinational State of|2020-6-17 16:58:30|2020-6-17 16:58:30
28|BQ|Bonaire, Sint Eustatius and Saba|2020-6-17 16:58:30|2020-6-17 16:58:30
29|BA|Bosnia and Herzegovina|2020-6-17 16:58:30|2020-6-17 16:58:30
30|BW|Botswana|2020-6-17 16:58:30|2020-6-17 16:58:30
31|BV|Bouvet Island|2020-6-17 16:58:30|2020-6-17 16:58:30
32|BR|Brazil|2020-6-17 16:58:30|2020-6-17 16:58:30
33|IO|British Indian Ocean Territory|2020-6-17 16:58:30|2020-6-17 16:58:30
34|BN|Brunei Darussalam|2020-6-17 16:58:30|2020-6-17 16:58:30
35|BG|Bulgaria|2020-6-17 16:58:30|2020-6-17 16:58:30
36|BF|Burkina Faso|2020-6-17 16:58:30|2020-6-17 16:58:30
37|BI|Burundi|2020-6-17 16:58:30|2020-6-17 16:58:30
149|ME|Montenegro|2020-6-17 16:58:30|2020-6-17 16:58:30
163|NU|Niue|2020-6-17 16:58:30|2020-6-17 16:58:30
44|TD|Chad|2020-6-17 16:58:30|2020-6-17 16:58:30
38|KH|Cambodia|2020-6-17 16:58:30|2020-6-17 16:58:30
39|CM|Cameroon|2020-6-17 16:58:30|2020-6-17 16:58:30
40|CA|Canada|2020-6-17 16:58:30|2020-6-17 16:58:30
41|CV|Cape Verde|2020-6-17 16:58:30|2020-6-17 16:58:30
42|KY|Cayman Islands|2020-6-17 16:58:30|2020-6-17 16:58:30
43|CF|Central African Republic|2020-6-17 16:58:30|2020-6-17 16:58:30
45|CL|Chile|2020-6-17 16:58:30|2020-6-17 16:58:30
46|CN|China|2020-6-17 16:58:30|2020-6-17 16:58:30
47|CX|Christmas Island|2020-6-17 16:58:30|2020-6-17 16:58:30
48|CC|Cocos (Keeling) Islands|2020-6-17 16:58:30|2020-6-17 16:58:30
49|CO|Colombia|2020-6-17 16:58:30|2020-6-17 16:58:30
50|KM|Comoros|2020-6-17 16:58:30|2020-6-17 16:58:30
51|CG|Congo|2020-6-17 16:58:30|2020-6-17 16:58:30
52|CD|Congo, the Democratic Republic of the|2020-6-17 16:58:30|2020-6-17 16:58:30
53|CK|Cook Islands|2020-6-17 16:58:30|2020-6-17 16:58:30
54|CR|Costa Rica|2020-6-17 16:58:30|2020-6-17 16:58:30
55|CI|Côte d'Ivoire|2020-6-17 16:58:30|2020-6-17 16:58:30
56|HR|Croatia|2020-6-17 16:58:30|2020-6-17 16:58:30
57|CU|Cuba|2020-6-17 16:58:30|2020-6-17 16:58:30
58|CW|Curaçao|2020-6-17 16:58:30|2020-6-17 16:58:30
59|CY|Cyprus|2020-6-17 16:58:30|2020-6-17 16:58:30
60|CZ|Czech Republic|2020-6-17 16:58:30|2020-6-17 16:58:30
61|DK|Denmark|2020-6-17 16:58:30|2020-6-17 16:58:30
62|DJ|Djibouti|2020-6-17 16:58:30|2020-6-17 16:58:30
63|DM|Dominica|2020-6-17 16:58:30|2020-6-17 16:58:30
64|DO|Dominican Republic|2020-6-17 16:58:30|2020-6-17 16:58:30
65|EC|Ecuador|2020-6-17 16:58:30|2020-6-17 16:58:30
66|EG|Egypt|2020-6-17 16:58:30|2020-6-17 16:58:30
67|SV|El Salvador|2020-6-17 16:58:30|2020-6-17 16:58:30
68|GQ|Equatorial Guinea|2020-6-17 16:58:30|2020-6-17 16:58:30
69|ER|Eritrea|2020-6-17 16:58:30|2020-6-17 16:58:30
70|EE|Estonia|2020-6-17 16:58:30|2020-6-17 16:58:30
71|ET|Ethiopia|2020-6-17 16:58:30|2020-6-17 16:58:30
72|FK|Falkland Islands (Malvinas)|2020-6-17 16:58:30|2020-6-17 16:58:30
73|FO|Faroe Islands|2020-6-17 16:58:30|2020-6-17 16:58:30
74|FJ|Fiji|2020-6-17 16:58:30|2020-6-17 16:58:30
75|FI|Finland|2020-6-17 16:58:30|2020-6-17 16:58:30
76|FR|France|2020-6-17 16:58:30|2020-6-17 16:58:30
77|GF|French Guiana|2020-6-17 16:58:30|2020-6-17 16:58:30
78|PF|French Polynesia|2020-6-17 16:58:30|2020-6-17 16:58:30
171|PA|Panama|2020-6-17 16:58:30|2020-6-17 16:58:30
79|TF|French Southern Territories|2020-6-17 16:58:30|2020-6-17 16:58:30
80|GA|Gabon|2020-6-17 16:58:30|2020-6-17 16:58:30
81|GM|Gambia|2020-6-17 16:58:30|2020-6-17 16:58:30
82|GE|Georgia|2020-6-17 16:58:30|2020-6-17 16:58:30
83|DE|Germany|2020-6-17 16:58:30|2020-6-17 16:58:30
84|GH|Ghana|2020-6-17 16:58:30|2020-6-17 16:58:30
85|GI|Gibraltar|2020-6-17 16:58:30|2020-6-17 16:58:30
86|GR|Greece|2020-6-17 16:58:30|2020-6-17 16:58:30
87|GL|Greenland|2020-6-17 16:58:30|2020-6-17 16:58:30
88|GD|Grenada|2020-6-17 16:58:30|2020-6-17 16:58:30
89|GP|Guadeloupe|2020-6-17 16:58:30|2020-6-17 16:58:30
90|GU|Guam|2020-6-17 16:58:30|2020-6-17 16:58:30
91|GT|Guatemala|2020-6-17 16:58:30|2020-6-17 16:58:30
92|GG|Guernsey|2020-6-17 16:58:30|2020-6-17 16:58:30
93|GN|Guinea|2020-6-17 16:58:30|2020-6-17 16:58:30
94|GW|Guinea-Bissau|2020-6-17 16:58:30|2020-6-17 16:58:30
95|GY|Guyana|2020-6-17 16:58:30|2020-6-17 16:58:30
96|HT|Haiti|2020-6-17 16:58:30|2020-6-17 16:58:30
97|HM|Heard Island and McDonald Mcdonald Islands|2020-6-17 16:58:30|2020-6-17 16:58:30
98|VA|Holy See (Vatican City State)|2020-6-17 16:58:30|2020-6-17 16:58:30
99|HN|Honduras|2020-6-17 16:58:30|2020-6-17 16:58:30
100|HK|Hong Kong|2020-6-17 16:58:30|2020-6-17 16:58:30
101|HU|Hungary|2020-6-17 16:58:30|2020-6-17 16:58:30
102|IS|Iceland|2020-6-17 16:58:30|2020-6-17 16:58:30
103|IN|India|2020-6-17 16:58:30|2020-6-17 16:58:30
105|IR|Iran, Islamic Republic of|2020-6-17 16:58:30|2020-6-17 16:58:30
106|IQ|Iraq|2020-6-17 16:58:30|2020-6-17 16:58:30
107|IE|Ireland|2020-6-17 16:58:30|2020-6-17 16:58:30
108|IM|Isle of Man|2020-6-17 16:58:30|2020-6-17 16:58:30
109|IL|Israel|2020-6-17 16:58:30|2020-6-17 16:58:30
110|IT|Italy|2020-6-17 16:58:30|2020-6-17 16:58:30
111|JM|Jamaica|2020-6-17 16:58:30|2020-6-17 16:58:30
112|JP|Japan|2020-6-17 16:58:30|2020-6-17 16:58:30
113|JE|Jersey|2020-6-17 16:58:30|2020-6-17 16:58:30
114|JO|Jordan|2020-6-17 16:58:30|2020-6-17 16:58:30
115|KZ|Kazakhstan|2020-6-17 16:58:30|2020-6-17 16:58:30
116|KE|Kenya|2020-6-17 16:58:30|2020-6-17 16:58:30
117|KI|Kiribati|2020-6-17 16:58:30|2020-6-17 16:58:30
118|KP|Korea, Democratic People's Republic of|2020-6-17 16:58:30|2020-6-17 16:58:30
119|KR|Korea, Republic of|2020-6-17 16:58:30|2020-6-17 16:58:30
120|KW|Kuwait|2020-6-17 16:58:30|2020-6-17 16:58:30
121|KG|Kyrgyzstan|2020-6-17 16:58:30|2020-6-17 16:58:30
122|LA|Lao People's Democratic Republic|2020-6-17 16:58:30|2020-6-17 16:58:30
123|LV|Latvia|2020-6-17 16:58:30|2020-6-17 16:58:30
124|LB|Lebanon|2020-6-17 16:58:30|2020-6-17 16:58:30
125|LS|Lesotho|2020-6-17 16:58:30|2020-6-17 16:58:30
126|LR|Liberia|2020-6-17 16:58:30|2020-6-17 16:58:30
127|LY|Libya|2020-6-17 16:58:30|2020-6-17 16:58:30
128|LI|Liechtenstein|2020-6-17 16:58:30|2020-6-17 16:58:30
129|LT|Lithuania|2020-6-17 16:58:30|2020-6-17 16:58:30
130|LU|Luxembourg|2020-6-17 16:58:30|2020-6-17 16:58:30
131|MO|Macao|2020-6-17 16:58:30|2020-6-17 16:58:30
132|MK|Macedonia, the Former Yugoslav Republic of|2020-6-17 16:58:30|2020-6-17 16:58:30
133|MG|Madagascar|2020-6-17 16:58:30|2020-6-17 16:58:30
134|MW|Malawi|2020-6-17 16:58:30|2020-6-17 16:58:30
135|MY|Malaysia|2020-6-17 16:58:30|2020-6-17 16:58:30
136|MV|Maldives|2020-6-17 16:58:30|2020-6-17 16:58:30
137|ML|Mali|2020-6-17 16:58:30|2020-6-17 16:58:30
138|MT|Malta|2020-6-17 16:58:30|2020-6-17 16:58:30
139|MH|Marshall Islands|2020-6-17 16:58:30|2020-6-17 16:58:30
140|MQ|Martinique|2020-6-17 16:58:30|2020-6-17 16:58:30
141|MR|Mauritania|2020-6-17 16:58:30|2020-6-17 16:58:30
142|MU|Mauritius|2020-6-17 16:58:30|2020-6-17 16:58:30
143|YT|Mayotte|2020-6-17 16:58:30|2020-6-17 16:58:30
144|MX|Mexico|2020-6-17 16:58:30|2020-6-17 16:58:30
145|FM|Micronesia, Federated States of|2020-6-17 16:58:30|2020-6-17 16:58:30
146|MD|Moldova, Republic of|2020-6-17 16:58:30|2020-6-17 16:58:30
147|MC|Monaco|2020-6-17 16:58:30|2020-6-17 16:58:30
148|MN|Mongolia|2020-6-17 16:58:30|2020-6-17 16:58:30
150|MS|Montserrat|2020-6-17 16:58:30|2020-6-17 16:58:30
151|MA|Morocco|2020-6-17 16:58:30|2020-6-17 16:58:30
152|MZ|Mozambique|2020-6-17 16:58:30|2020-6-17 16:58:30
153|MM|Myanmar|2020-6-17 16:58:30|2020-6-17 16:58:30
154|NA|Namibia|2020-6-17 16:58:30|2020-6-17 16:58:30
155|NR|Nauru|2020-6-17 16:58:30|2020-6-17 16:58:30
156|NP|Nepal|2020-6-17 16:58:30|2020-6-17 16:58:30
157|NL|Netherlands|2020-6-17 16:58:30|2020-6-17 16:58:30
158|NC|New Caledonia|2020-6-17 16:58:30|2020-6-17 16:58:30
159|NZ|New Zealand|2020-6-17 16:58:30|2020-6-17 16:58:30
160|NI|Nicaragua|2020-6-17 16:58:30|2020-6-17 16:58:30
161|NE|Niger|2020-6-17 16:58:30|2020-6-17 16:58:30
162|NG|Nigeria|2020-6-17 16:58:30|2020-6-17 16:58:30
164|NF|Norfolk Island|2020-6-17 16:58:30|2020-6-17 16:58:30
165|MP|Northern Mariana Islands|2020-6-17 16:58:30|2020-6-17 16:58:30
166|NO|Norway|2020-6-17 16:58:30|2020-6-17 16:58:30
167|OM|Oman|2020-6-17 16:58:30|2020-6-17 16:58:30
168|PK|Pakistan|2020-6-17 16:58:30|2020-6-17 16:58:30
169|PW|Palau|2020-6-17 16:58:30|2020-6-17 16:58:30
170|PS|Palestine, State of|2020-6-17 16:58:30|2020-6-17 16:58:30
172|PG|Papua New Guinea|2020-6-17 16:58:30|2020-6-17 16:58:30
173|PY|Paraguay|2020-6-17 16:58:30|2020-6-17 16:58:30
174|PE|Peru|2020-6-17 16:58:30|2020-6-17 16:58:30
175|PH|Philippines|2020-6-17 16:58:30|2020-6-17 16:58:30
176|PN|Pitcairn|2020-6-17 16:58:30|2020-6-17 16:58:30
177|PL|Poland|2020-6-17 16:58:30|2020-6-17 16:58:30
178|PT|Portugal|2020-6-17 16:58:30|2020-6-17 16:58:30
179|PR|Puerto Rico|2020-6-17 16:58:30|2020-6-17 16:58:30
180|QA|Qatar|2020-6-17 16:58:30|2020-6-17 16:58:30
181|RE|Réunion|2020-6-17 16:58:30|2020-6-17 16:58:30
182|RO|Romania|2020-6-17 16:58:30|2020-6-17 16:58:30
183|RU|Russian Federation|2020-6-17 16:58:30|2020-6-17 16:58:30
184|RW|Rwanda|2020-6-17 16:58:30|2020-6-17 16:58:30
185|BL|Saint Barthélemy|2020-6-17 16:58:30|2020-6-17 16:58:30
186|SH|Saint Helena, Ascension and Tristan da Cunha|2020-6-17 16:58:30|2020-6-17 16:58:30
187|KN|Saint Kitts and Nevis|2020-6-17 16:58:30|2020-6-17 16:58:30
188|LC|Saint Lucia|2020-6-17 16:58:30|2020-6-17 16:58:30
189|MF|Saint Martin (French part)|2020-6-17 16:58:30|2020-6-17 16:58:30
190|PM|Saint Pierre and Miquelon|2020-6-17 16:58:30|2020-6-17 16:58:30
191|VC|Saint Vincent and the Grenadines|2020-6-17 16:58:30|2020-6-17 16:58:30
192|WS|Samoa|2020-6-17 16:58:30|2020-6-17 16:58:30
193|SM|San Marino|2020-6-17 16:58:30|2020-6-17 16:58:30
194|ST|Sao Tome and Principe|2020-6-17 16:58:30|2020-6-17 16:58:30
195|SA|Saudi Arabia|2020-6-17 16:58:30|2020-6-17 16:58:30
196|SN|Senegal|2020-6-17 16:58:30|2020-6-17 16:58:30
197|RS|Serbia|2020-6-17 16:58:30|2020-6-17 16:58:30
198|SC|Seychelles|2020-6-17 16:58:30|2020-6-17 16:58:30
199|SL|Sierra Leone|2020-6-17 16:58:30|2020-6-17 16:58:30
200|SG|Singapore|2020-6-17 16:58:30|2020-6-17 16:58:30
201|SX|Sint Maarten (Dutch part)|2020-6-17 16:58:30|2020-6-17 16:58:30
202|SK|Slovakia|2020-6-17 16:58:30|2020-6-17 16:58:30
203|SI|Slovenia|2020-6-17 16:58:30|2020-6-17 16:58:30
204|SB|Solomon Islands|2020-6-17 16:58:30|2020-6-17 16:58:30
205|SO|Somalia|2020-6-17 16:58:30|2020-6-17 16:58:30
206|ZA|South Africa|2020-6-17 16:58:30|2020-6-17 16:58:30
207|GS|South Georgia and the South Sandwich Islands|2020-6-17 16:58:30|2020-6-17 16:58:30
208|SS|South Sudan|2020-6-17 16:58:30|2020-6-17 16:58:30
209|ES|Spain|2020-6-17 16:58:30|2020-6-17 16:58:30
210|LK|Sri Lanka|2020-6-17 16:58:30|2020-6-17 16:58:30
211|SD|Sudan|2020-6-17 16:58:30|2020-6-17 16:58:30
212|SR|Suriname|2020-6-17 16:58:30|2020-6-17 16:58:30
213|SJ|Svalbard and Jan Mayen|2020-6-17 16:58:30|2020-6-17 16:58:30
214|SZ|Swaziland|2020-6-17 16:58:30|2020-6-17 16:58:30
215|SE|Sweden|2020-6-17 16:58:30|2020-6-17 16:58:30
216|CH|Switzerland|2020-6-17 16:58:30|2020-6-17 16:58:30
217|SY|Syrian Arab Republic|2020-6-17 16:58:30|2020-6-17 16:58:30
218|TW|Taiwan|2020-6-17 16:58:30|2020-6-17 16:58:30
219|TJ|Tajikistan|2020-6-17 16:58:30|2020-6-17 16:58:30
220|TZ|Tanzania, United Republic of|2020-6-17 16:58:30|2020-6-17 16:58:30
221|TH|Thailand|2020-6-17 16:58:30|2020-6-17 16:58:30
222|TL|Timor-Leste|2020-6-17 16:58:30|2020-6-17 16:58:30
223|TG|Togo|2020-6-17 16:58:30|2020-6-17 16:58:30
224|TK|Tokelau|2020-6-17 16:58:30|2020-6-17 16:58:30
225|TO|Tonga|2020-6-17 16:58:30|2020-6-17 16:58:30
226|TT|Trinidad and Tobago|2020-6-17 16:58:30|2020-6-17 16:58:30
227|TN|Tunisia|2020-6-17 16:58:30|2020-6-17 16:58:30
228|TR|Turkey|2020-6-17 16:58:30|2020-6-17 16:58:30
229|TM|Turkmenistan|2020-6-17 16:58:30|2020-6-17 16:58:30
230|TC|Turks and Caicos Islands|2020-6-17 16:58:30|2020-6-17 16:58:30
231|TV|Tuvalu|2020-6-17 16:58:30|2020-6-17 16:58:30
232|UG|Uganda|2020-6-17 16:58:30|2020-6-17 16:58:30
233|UA|Ukraine|2020-6-17 16:58:30|2020-6-17 16:58:30
234|AE|United Arab Emirates|2020-6-17 16:58:30|2020-6-17 16:58:30
235|GB|United Kingdom|2020-6-17 16:58:30|2020-6-17 16:58:30
237|UM|United States Minor Outlying Islands|2020-6-17 16:58:30|2020-6-17 16:58:30
238|UY|Uruguay|2020-6-17 16:58:30|2020-6-17 16:58:30
239|UZ|Uzbekistan|2020-6-17 16:58:30|2020-6-17 16:58:30
240|VU|Vanuatu|2020-6-17 16:58:30|2020-6-17 16:58:30
241|VE|Venezuela, Bolivarian Republic of|2020-6-17 16:58:30|2020-6-17 16:58:30
242|VN|Viet Nam|2020-6-17 16:58:30|2020-6-17 16:58:30
243|VG|Virgin Islands, British|2020-6-17 16:58:30|2020-6-17 16:58:30
244|VI|Virgin Islands, U.S.|2020-6-17 16:58:30|2020-6-17 16:58:30
245|WF|Wallis and Futuna|2020-6-17 16:58:30|2020-6-17 16:58:30
246|EH|Western Sahara|2020-6-17 16:58:30|2020-6-17 16:58:30
247|YE|Yemen|2020-6-17 16:58:30|2020-6-17 16:58:30
248|ZM|Zambia|2020-6-17 16:58:30|2020-6-17 16:58:30
249|ZW|Zimbabwe|2020-6-17 16:58:30|2020-6-17 16:58:30
104|ID|Indonesia|2020-6-17 16:58:30|2020-6-17 16:58:30
236|US|United States|2020-6-17 16:58:30|2020-6-17 16:58:30
